{}
{"mode": "train", "epoch": 1, "iter": 10, "lr": 0.005, "memory": 4848, "data_time": 0.42279, "loss": 1.11883, "time": 0.7046}
{"mode": "train", "epoch": 1, "iter": 20, "lr": 0.005, "memory": 4848, "data_time": 0.00483, "loss": 0.41014, "time": 0.11452}
{"mode": "train", "epoch": 1, "iter": 30, "lr": 0.005, "memory": 4848, "data_time": 0.00453, "loss": 0.30843, "time": 0.11458}
{"mode": "val", "epoch": 1, "iter": 9, "lr": 0.005, "accuracy_top-1": 92.03703}
{"mode": "train", "epoch": 2, "iter": 10, "lr": 0.0049, "memory": 4848, "data_time": 0.30055, "loss": 0.33245, "time": 0.40929}
{"mode": "train", "epoch": 2, "iter": 20, "lr": 0.0049, "memory": 4848, "data_time": 0.00479, "loss": 0.25714, "time": 0.11425}
{"mode": "train", "epoch": 2, "iter": 30, "lr": 0.0049, "memory": 4848, "data_time": 0.00491, "loss": 0.27417, "time": 0.11474}
{"mode": "val", "epoch": 2, "iter": 9, "lr": 0.0049, "accuracy_top-1": 94.44444}
{"mode": "train", "epoch": 3, "iter": 10, "lr": 0.0048, "memory": 4848, "data_time": 0.29164, "loss": 0.30068, "time": 0.40603}
{"mode": "train", "epoch": 3, "iter": 20, "lr": 0.0048, "memory": 4848, "data_time": 0.00528, "loss": 0.29638, "time": 0.11375}
{"mode": "train", "epoch": 3, "iter": 30, "lr": 0.0048, "memory": 4848, "data_time": 0.00523, "loss": 0.24526, "time": 0.11422}
{"mode": "val", "epoch": 3, "iter": 9, "lr": 0.0048, "accuracy_top-1": 93.88889}
{"mode": "train", "epoch": 4, "iter": 10, "lr": 0.00471, "memory": 4848, "data_time": 0.2903, "loss": 0.19307, "time": 0.40593}
{"mode": "train", "epoch": 4, "iter": 20, "lr": 0.00471, "memory": 4848, "data_time": 0.00522, "loss": 0.20328, "time": 0.11468}
{"mode": "train", "epoch": 4, "iter": 30, "lr": 0.00471, "memory": 4848, "data_time": 0.00487, "loss": 0.18948, "time": 0.1142}
{"mode": "val", "epoch": 4, "iter": 9, "lr": 0.00471, "accuracy_top-1": 95.0}
{"mode": "train", "epoch": 5, "iter": 10, "lr": 0.00461, "memory": 4848, "data_time": 0.30473, "loss": 0.23419, "time": 0.41799}
{"mode": "train", "epoch": 5, "iter": 20, "lr": 0.00461, "memory": 4848, "data_time": 0.00524, "loss": 0.16086, "time": 0.11406}
{"mode": "train", "epoch": 5, "iter": 30, "lr": 0.00461, "memory": 4848, "data_time": 0.00534, "loss": 0.15487, "time": 0.11457}
{"mode": "val", "epoch": 5, "iter": 9, "lr": 0.00461, "accuracy_top-1": 92.03703}
{"mode": "train", "epoch": 6, "iter": 10, "lr": 0.00452, "memory": 4848, "data_time": 0.31378, "loss": 0.1509, "time": 0.42494}
{"mode": "train", "epoch": 6, "iter": 20, "lr": 0.00452, "memory": 4848, "data_time": 0.00499, "loss": 0.14679, "time": 0.11424}
{"mode": "train", "epoch": 6, "iter": 30, "lr": 0.00452, "memory": 4848, "data_time": 0.005, "loss": 0.16779, "time": 0.11457}
{"mode": "val", "epoch": 6, "iter": 9, "lr": 0.00452, "accuracy_top-1": 93.33333}
{"mode": "train", "epoch": 7, "iter": 10, "lr": 0.00443, "memory": 4848, "data_time": 0.32031, "loss": 0.12408, "time": 0.42995}
{"mode": "train", "epoch": 7, "iter": 20, "lr": 0.00443, "memory": 4848, "data_time": 0.00534, "loss": 0.14254, "time": 0.1147}
{"mode": "train", "epoch": 7, "iter": 30, "lr": 0.00443, "memory": 4848, "data_time": 0.00489, "loss": 0.1319, "time": 0.1147}
{"mode": "val", "epoch": 7, "iter": 9, "lr": 0.00443, "accuracy_top-1": 93.88889}
{"mode": "train", "epoch": 8, "iter": 10, "lr": 0.00434, "memory": 4848, "data_time": 0.28906, "loss": 0.25879, "time": 0.40442}
{"mode": "train", "epoch": 8, "iter": 20, "lr": 0.00434, "memory": 4848, "data_time": 0.00498, "loss": 0.1546, "time": 0.1143}
{"mode": "train", "epoch": 8, "iter": 30, "lr": 0.00434, "memory": 4848, "data_time": 0.00498, "loss": 0.16777, "time": 0.11426}
{"mode": "val", "epoch": 8, "iter": 9, "lr": 0.00434, "accuracy_top-1": 95.18518}
{"mode": "train", "epoch": 9, "iter": 10, "lr": 0.00425, "memory": 4848, "data_time": 0.30392, "loss": 0.32603, "time": 0.41662}
{"mode": "train", "epoch": 9, "iter": 20, "lr": 0.00425, "memory": 4848, "data_time": 0.00525, "loss": 0.33273, "time": 0.11476}
{"mode": "train", "epoch": 9, "iter": 30, "lr": 0.00425, "memory": 4848, "data_time": 0.00482, "loss": 0.23478, "time": 0.11463}
{"mode": "val", "epoch": 9, "iter": 9, "lr": 0.00425, "accuracy_top-1": 93.14815}
{"mode": "train", "epoch": 10, "iter": 10, "lr": 0.00417, "memory": 4848, "data_time": 0.30464, "loss": 0.30192, "time": 0.41682}
{"mode": "train", "epoch": 10, "iter": 20, "lr": 0.00417, "memory": 4848, "data_time": 0.00451, "loss": 0.17405, "time": 0.11499}
{"mode": "train", "epoch": 10, "iter": 30, "lr": 0.00417, "memory": 4848, "data_time": 0.00449, "loss": 0.24343, "time": 0.11495}
{"mode": "val", "epoch": 10, "iter": 9, "lr": 0.00417, "accuracy_top-1": 95.18518}
{"mode": "train", "epoch": 11, "iter": 10, "lr": 0.00409, "memory": 4848, "data_time": 0.31325, "loss": 0.16319, "time": 0.42629}
{"mode": "train", "epoch": 11, "iter": 20, "lr": 0.00409, "memory": 4848, "data_time": 0.00498, "loss": 0.2073, "time": 0.11474}
{"mode": "train", "epoch": 11, "iter": 30, "lr": 0.00409, "memory": 4848, "data_time": 0.00466, "loss": 0.14271, "time": 0.1146}
{"mode": "val", "epoch": 11, "iter": 9, "lr": 0.00409, "accuracy_top-1": 93.51852}
{"mode": "train", "epoch": 12, "iter": 10, "lr": 0.004, "memory": 4848, "data_time": 0.31188, "loss": 0.33928, "time": 0.42185}
{"mode": "train", "epoch": 12, "iter": 20, "lr": 0.004, "memory": 4848, "data_time": 0.00495, "loss": 0.2536, "time": 0.11449}
{"mode": "train", "epoch": 12, "iter": 30, "lr": 0.004, "memory": 4848, "data_time": 0.00507, "loss": 0.25519, "time": 0.11524}
{"mode": "val", "epoch": 12, "iter": 9, "lr": 0.004, "accuracy_top-1": 91.66666}
{"mode": "train", "epoch": 13, "iter": 10, "lr": 0.00392, "memory": 4848, "data_time": 0.30663, "loss": 0.35158, "time": 0.41894}
{"mode": "train", "epoch": 13, "iter": 20, "lr": 0.00392, "memory": 4848, "data_time": 0.00525, "loss": 0.27446, "time": 0.11459}
{"mode": "train", "epoch": 13, "iter": 30, "lr": 0.00392, "memory": 4848, "data_time": 0.0053, "loss": 0.15693, "time": 0.1149}
{"mode": "val", "epoch": 13, "iter": 9, "lr": 0.00392, "accuracy_top-1": 94.62962}
{"mode": "train", "epoch": 14, "iter": 10, "lr": 0.00385, "memory": 4848, "data_time": 0.29153, "loss": 0.25954, "time": 0.40441}
{"mode": "train", "epoch": 14, "iter": 20, "lr": 0.00385, "memory": 4848, "data_time": 0.00532, "loss": 0.22504, "time": 0.11443}
{"mode": "train", "epoch": 14, "iter": 30, "lr": 0.00385, "memory": 4848, "data_time": 0.00535, "loss": 0.16884, "time": 0.1152}
{"mode": "val", "epoch": 14, "iter": 9, "lr": 0.00385, "accuracy_top-1": 95.55555}
{"mode": "train", "epoch": 15, "iter": 10, "lr": 0.00377, "memory": 4848, "data_time": 0.30919, "loss": 0.16127, "time": 0.42304}
{"mode": "train", "epoch": 15, "iter": 20, "lr": 0.00377, "memory": 4848, "data_time": 0.00528, "loss": 0.16111, "time": 0.11505}
{"mode": "train", "epoch": 15, "iter": 30, "lr": 0.00377, "memory": 4848, "data_time": 0.00496, "loss": 0.16552, "time": 0.11474}
{"mode": "val", "epoch": 15, "iter": 9, "lr": 0.00377, "accuracy_top-1": 95.18518}
{"mode": "train", "epoch": 16, "iter": 10, "lr": 0.00369, "memory": 4848, "data_time": 0.27077, "loss": 0.2757, "time": 0.39154}
{"mode": "train", "epoch": 16, "iter": 20, "lr": 0.00369, "memory": 4848, "data_time": 0.00506, "loss": 0.21198, "time": 0.11499}
{"mode": "train", "epoch": 16, "iter": 30, "lr": 0.00369, "memory": 4848, "data_time": 0.0049, "loss": 0.13805, "time": 0.11511}
{"mode": "val", "epoch": 16, "iter": 9, "lr": 0.00369, "accuracy_top-1": 95.37037}
{"mode": "train", "epoch": 17, "iter": 10, "lr": 0.00362, "memory": 4848, "data_time": 0.3168, "loss": 0.13251, "time": 0.43828}
{"mode": "train", "epoch": 17, "iter": 20, "lr": 0.00362, "memory": 4848, "data_time": 0.00528, "loss": 0.11186, "time": 0.11537}
{"mode": "train", "epoch": 17, "iter": 30, "lr": 0.00362, "memory": 4848, "data_time": 0.00474, "loss": 0.11642, "time": 0.11526}
{"mode": "val", "epoch": 17, "iter": 9, "lr": 0.00362, "accuracy_top-1": 96.11111}
{"mode": "train", "epoch": 18,